State;population
California;38889800
Texas;30976800
Florida;22975900
New York;19469200
Pennsylvania;12951300
Illinois;12516900
Ohio;11812200
Georgia;11145300
North Carolina;10975000
Michigan;10041200
New Jersey;9320860
Virginia;8752300
Washington;7841280
Arizona;7497000
Tennessee;7204000
Massachusetts;7020060
Indiana;6892120
Missouri;6215140
Maryland;6196520
Wisconsin;5931370
Colorado;5914180
Minnesota;5761530
South Carolina;5464160
Alabama;5143030
Louisiana;4559480
Kentucky;4540740
Oregon;4227340
Oklahoma;4088380
Connecticut;3625650
Utah;3454230
Iowa;3214320
Nevada;3210930
Arkansas;3089060
Kansas;2944380
Mississippi;2940450
New Mexico;2115270
Idaho;1990460
Nebraska;1988700
West Virginia;1766110
Hawaii;1430880
New Hampshire;1405100
Maine;1402110
Montana;1142750
Rhode Island;1098080
Delaware;1044320
South Dakota;928767
North Dakota;788940
Alaska;733536
Vermont;647818
Wyoming;586485
